{
  "bhargav": {
    "features": {
      "f0_mean": 165.50944515100346,
      "f0_mean_std": 1.6688252812679363,
      "f0_mean_median": 164.34249823132802,
      "f0_mean_q25": 164.32943159288106,
      "f0_mean_q75": 166.10598524928815,
      "f0_std": 18.73220397537236,
      "f0_std_std": 4.631135485534953,
      "f0_std_median": 21.625926178773305,
      "f0_std_q25": 16.911479328262484,
      "f0_std_q75": 21.999789724182712,
      "voicing_ratio": 0.9002123142250532,
      "voicing_ratio_std": 0.0960824500975351,
      "voicing_ratio_median": 0.9681528662420382,
      "voicing_ratio_q25": 0.8662420382165605,
      "voicing_ratio_q75": 0.9681528662420382,
      "mfcc_mean": [
        -121.82115936279297,
        46.36592483520508,
        -2.18431564172109,
        24.55169105529785,
        2.6292019883791604,
        -0.4621914364397526,
        -8.47837750116984,
        -4.776670138041179,
        -5.555208206176758,
        -8.484835306803385,
        -0.40595956643422443,
        -5.460529088973999,
        -2.444695552190145
      ],
      "mfcc_mean_std": [
        15.435946472558419,
        2.036932212141207,
        0.4404762024623814,
        4.559144249118531,
        1.9247285392428846,
        2.800307851825797,
        2.1093379663464646,
        1.7517894386509412,
        1.9618321745846685,
        0.7806168773253624,
        2.4749534709978396,
        1.2361460198092888,
        0.08602707419116579
      ],
      "mfcc_mean_median": [
        -122.56598663330078,
        45.437835693359375,
        -1.9995231628417969,
        21.952083587646484,
        2.1244757175445557,
        -0.04210619255900383,
        -8.294612884521484,
        -3.870575189590454,
        -4.556805610656738,
        -9.015083312988281,
        -0.5168298482894897,
        -5.57602596282959,
        -2.4802677631378174
      ],
      "mfcc_std": [
        109.80303700764973,
        44.778204600016274,
        21.626841862996418,
        22.823734283447266,
        14.82308546702067,
        12.261666297912598,
        13.543939590454102,
        9.415601253509521,
        9.418999671936035,
        9.921821276346842,
        9.091583569844564,
        8.208082675933838,
        7.231651624043782
      ],
      "mfcc_std_std": [
        4.437861934971328,
        1.0840609704659752,
        4.08434024473152,
        2.6198056486466066,
        0.34746085681448624,
        0.05653198338325102,
        0.41780700450263725,
        2.0962513017730213,
        0.941067183035265,
        0.710506498622079,
        0.7344813260612181,
        0.5790043954732276,
        1.0182492213044088
      ],
      "mfcc_std_median": [
        107.13668060302734,
        44.22090148925781,
        20.834287643432617,
        21.323373794555664,
        14.96624755859375,
        12.23955249786377,
        13.67432689666748,
        8.282629013061523,
        9.323182106018066,
        9.66031265258789,
        8.96401309967041,
        7.883399486541748,
        7.048757553100586
      ],
      "mfcc_delta": [
        1.3926506837209065,
        0.1949290931224823,
        -0.05465833842754364,
        0.26109617451826733,
        0.11987137297789256,
        0.028534625346461933,
        -0.10176290695865949,
        0.05021073420842489,
        -0.010119649271170298,
        -0.01326562836766243,
        0.08387452798585097,
        -0.0652378760278225,
        -0.0017699083934227626
      ],
      "mfcc_delta_std": [
        0.3342228242628484,
        0.2846129465823122,
        0.23468636056080638,
        0.11501530048563742,
        0.17335259447970197,
        0.033673089729088494,
        0.16478494446894107,
        0.11401823518784343,
        0.08046456605000386,
        0.05018017506147232,
        0.07707155961349953,
        0.03428904388275419,
        0.0386464784628419
      ],
      "mfcc_delta_median": [
        1.3420231342315674,
        0.08561724424362183,
        -0.11673085391521454,
        0.2927742600440979,
        0.08033590018749237,
        0.03619656339287758,
        -0.03884539753198624,
        0.08747339248657227,
        -0.05877523869276047,
        0.012869877740740776,
        0.050688646733760834,
        -0.04284903034567833,
        0.017497221007943153
      ],
      "spectral_centroid_mean": 1976.9286476991413,
      "spectral_centroid_mean_std": 64.46795801810578,
      "spectral_centroid_mean_median": 1968.731281199733,
      "spectral_centroid_mean_q25": 1935.560802785786,
      "spectral_centroid_mean_q75": 2014.1978093627927,
      "spectral_centroid_std": 1104.6833998654602,
      "spectral_centroid_std_std": 63.53592876050805,
      "spectral_centroid_std_median": 1073.529443465664,
      "spectral_centroid_std_q25": 1060.4007515901367,
      "spectral_centroid_std_q75": 1133.3890699408853,
      "spectral_rolloff_mean": 3611.56449044586,
      "spectral_rolloff_mean_std": 114.12914668756828,
      "spectral_rolloff_mean_median": 3671.377388535032,
      "spectral_rolloff_mean_q25": 3561.604299363057,
      "spectral_rolloff_mean_q75": 3691.4311305732485,
      "spectral_bandwidth_mean": 1562.9572233645738,
      "spectral_bandwidth_mean_std": 28.877766539401463,
      "spectral_bandwidth_mean_median": 1565.4536897540809,
      "spectral_bandwidth_mean_q25": 1545.930462914826,
      "spectral_bandwidth_mean_q75": 1581.2322170090747,
      "chroma_mean": [
        0.35813844203948975,
        0.3030380705992381,
        0.30722321569919586,
        0.41727936267852783,
        0.5282455384731293,
        0.40164868036905926,
        0.26214976112047833,
        0.2270390142997106,
        0.1930302232503891,
        0.21607774992783865,
        0.2550542006889979,
        0.31197898586591083
      ],
      "chroma_mean_std": [
        0.06076123731838378,
        0.020533493759941502,
        0.08469372900368487,
        0.11168289510350297,
        0.05243809819550347,
        0.07226558597113966,
        0.06128926038158161,
        0.06950205153433356,
        0.03946986625953176,
        0.01580458828097097,
        0.018845024263151867,
        0.028329407597108777
      ],
      "chroma_mean_median": [
        0.39916959404945374,
        0.30144134163856506,
        0.2602675259113312,
        0.3534947633743286,
        0.5562082529067993,
        0.3831784427165985,
        0.29956793785095215,
        0.2571903467178345,
        0.20600174367427826,
        0.2226688414812088,
        0.25306135416030884,
        0.30541515350341797
      ],
      "tonnetz_mean": [
        0.03349632786251061,
        -0.01157333489622738,
        0.04241164202056363,
        0.09482075519575028,
        0.02530981062396748,
        -0.0029281671900467827
      ],
      "tonnetz_mean_std": [
        0.009059166369881804,
        0.015209149964845564,
        0.007162749056447465,
        0.016656196043964615,
        0.003282339562846465,
        0.006933587665449494
      ],
      "tonnetz_mean_median": [
        0.029186299303599766,
        -0.014376036192806984,
        0.04306753325590409,
        0.08676522316494163,
        0.02745245609472349,
        -0.0001403666338675361
      ],
      "zcr_mean": 0.15401178509819533,
      "zcr_mean_std": 0.00614298612362404,
      "zcr_mean_median": 0.15570884753184713,
      "zcr_mean_q25": 0.15074672820461782,
      "zcr_mean_q75": 0.1581253732085987,
      "zcr_std": 0.1255432171093488,
      "zcr_std_std": 0.00948940969109294,
      "zcr_std_median": 0.12180766469335011,
      "zcr_std_q25": 0.11902794072512243,
      "zcr_std_q75": 0.13019071728557582,
      "rms_mean": 0.14034430185953775,
      "rms_mean_std": 0.014613892309768272,
      "rms_mean_median": 0.13901974260807037,
      "rms_mean_q25": 0.1310824155807495,
      "rms_mean_q75": 0.14894390851259232,
      "rms_std": 0.09475744267304738,
      "rms_std_std": 0.005166141661534773,
      "rms_std_median": 0.09173167496919632,
      "rms_std_q25": 0.09112145751714706,